"geneset","nBait","mean.pval","median.pval","median.CIlower","median.CIupper","nIter","num","sd.pval","se.pval","mean.OR","median.OR","min.OR","sd.OR","se.OR","SElower.OR","SEupper.OR","SElower.pval","SEupper.pval","SDupper.OR","SDlower.OR","log10.median.pval","log10.SElower.pval","log10.SEupper.pval"
"exomeMinusPreyASD102",1,0.00149282972741533,0.00140061627798529,1.0976082333863,1.38581155417559,1000,1000,0.000366710150543781,1.15963931682158e-05,1.23220130248371,1.23321430212625,1.21331528010954,0.00565080588702103,0.000178694172184746,1.23303560795407,1.23303560795407,0.00138901988481707,0.0014122126711535,1.23303560795407,1.23303560795407,2.85368083058113,2.85729153698052,2.85009989609336
"exomeMinusPreyASD102",2,0.00170192345784643,0.00158432705000756,1.0947616260112,1.38234022973346,1000,1000,0.000530671194064776,1.67812966188592e-05,1.229186155179,1.23006562421134,1.19795326403063,0.00733525313795408,0.000231961071298322,1.22983366314004,1.22983366314004,0.0015675457533887,0.00160110834662642,1.22983366314004,1.22983366314004,2.8001551628018,2.8047797741628,2.79557927848053
"exomeMinusPreyASD102",3,0.00188183816459027,0.00173032440823541,1.09273213480153,1.37995027722904,1000,1000,0.000656768763679474,2.07688518928001e-05,1.2268674267262,1.22785668109965,1.19849955416772,0.00847285574379959,0.000267935224364468,1.22758874587529,1.22758874587529,0.00170955555634261,0.00175109326012821,1.22758874587529,1.22758874587529,2.76187246594721,2.76711678113765,2.75669072354505
"exomeMinusPreyASD102",4,0.00217094074890521,0.00197233259236695,1.08959986329213,1.37587019694294,1000,1000,0.000872006175625142,2.75752564870825e-05,1.22348333245685,1.22429097471217,1.18759897758493,0.00972160449640318,0.000307424127199682,1.22398355058497,1.22398355058497,0.00194475733587987,0.00199990784885404,1.22398355058497,1.22398355058497,2.70501984859847,2.71113458162008,2.69899001516412
"exomeMinusPreyASD102",5,0.00236604051805383,0.00210104677752543,1.08808657401276,1.37395996293492,1000,1000,0.000961492239357157,3.04050542894441e-05,1.22133850461957,1.2225836063924,1.18455040760611,0.0102597558221049,0.000324441966350246,1.22225916442605,1.22225916442605,0.00207064172323598,0.00213145183181487,1.22225916442605,1.22225916442605,2.67756427839128,2.68389503924374,2.67132447742613
"exomeMinusPreyASD102",6,0.00253088769799884,0.00232676847079361,1.08576658723797,1.37111412814842,1000,1000,0.00106447795424554,3.36617485445242e-05,1.21965743067347,1.22007454386526,1.18026385227321,0.0106018633847569,0.000335260357377739,1.21973928350788,1.21973928350788,0.00229310672224909,0.00236043021933814,1.21973928350788,1.21973928350788,2.63324682980281,2.63957573253334,2.62700883395517
"exomeMinusPreyASD102",7,0.00277033406709818,0.00257604645399626,1.08324596570285,1.36808064873488,1000,1000,0.00111552171157987,3.52758938796182e-05,1.21716131815431,1.21727003001627,1.18544484390268,0.0105620179749166,0.000334000334883755,1.21693602968138,1.21693602968138,0.00254077056011664,0.00261132234787587,1.21693602968138,1.21693602968138,2.58904630958384,2.59503455138971,2.58313951451838
"exomeMinusPreyASD102",8,0.00308280234124663,0.00281155397254958,1.08114799876948,1.36556397655801,1000,1000,0.00134835451002724,4.26387134504641e-05,1.21449553528406,1.21508909350921,1.17278619575471,0.0111595548295636,0.000352896109349531,1.21473619739986,1.21473619739986,0.00276891525909911,0.00285419268600004,1.21473619739986,1.21473619739986,2.551053575055,2.55769033535908,2.5445167110946
"exomeMinusPreyASD102",9,0.00332317675421011,0.00300832011375325,1.07943974588265,1.36347590437909,1000,1000,0.00150326999691733,4.75375712845307e-05,1.21267525516257,1.21309129129979,1.17429672781873,0.0118247216470155,0.000373930531020664,1.21271736076877,1.21271736076877,0.00296078254246871,0.00305585768503778,1.21271736076877,1.21271736076877,2.5216759525752,2.52859348861676,2.51486687524097
"exomeMinusPreyASD102",10,0.00341161813642684,0.0030945872801695,1.07883193880016,1.36252744767537,1000,1000,0.0015572569821925,4.92447896592856e-05,1.21202769839566,1.21232244905899,1.17013704973144,0.0119958780039914,0.000379342970261271,1.21194310608873,1.21194310608873,0.00304534249051022,0.00314383206982879,1.21194310608873,1.21194310608873,2.50939726389654,2.51636385791638,2.50254066018177
"exomeMinusPreyASD102",11,0.00379306671023223,0.00339562186357315,1.07644003802288,1.35975891273227,1000,1000,0.00182394262019992,5.76781300128719e-05,1.20927727396958,1.20982866574786,1.16800463672702,0.0124550317237515,0.000393862685767078,1.20943480306209,1.20943480306209,0.00333794373356028,0.00345329999358603,1.20943480306209,1.20943480306209,2.46908067876588,2.4765209883309,2.46176569216899
"exomeMinusPreyASD102",12,0.00407467273912527,0.0036745297147404,1.0745351866463,1.35733301797311,1000,1000,0.00191417575143299,6.05315521639258e-05,1.20739732345148,1.2076786081774,1.17039317745112,0.0128605620388425,0.000406686680326411,1.20727192149708,1.20727192149708,0.00361399816257647,0.00373506126690432,1.20727192149708,1.20727192149708,2.43479823627029,2.44201207257838,2.42770226997703
"exomeMinusPreyASD102",13,0.00422212750712249,0.00377985287563333,1.07383281217384,1.35634606467585,1000,1000,0.00189191534948386,5.98276164460245e-05,1.20614762114137,1.20676574700371,1.16915044701816,0.0122244234576965,0.000386570212087118,1.20637917679162,1.20637917679162,0.00372002525918731,0.00383968049207935,1.20637917679162,1.20637917679162,2.42252510401042,2.42945411122337,2.41570491268976
"exomeMinusPreyASD102",14,0.00449521876021531,0.0041250685806766,1.07164105553942,1.35379816265542,1000,1000,0.0020598152219061,6.51370766030844e-05,1.20449912818209,1.20430869653106,1.15725207245802,0.0125371394211105,0.000396459159137939,1.20391223737192,1.20391223737192,0.00405993150407352,0.00419020565727969,1.20391223737192,1.20391223737192,2.38456882675967,2.39148129343114,2.37776466113159
"exomeMinusPreyASD102",15,0.00453935214031752,0.00409897797492981,1.07183662526891,1.35400201553086,1000,1000,0.00208954999340246,6.60773726394159e-05,1.20424761056246,1.20460108343884,1.1652601653274,0.012488472612067,0.000394920179507642,1.20420616325934,1.20420616325934,0.0040329006022904,0.00416505534756923,1.20420616325934,1.20420616325934,2.38732441527514,2.39438248178826,2.38037922307251
"exomeMinusPreyASD102",16,0.00485383409260254,0.00440065796753029,1.07005243869967,1.35188931403552,1000,1000,0.00226648109032089,7.16724251911583e-05,1.20257069589753,1.20275188250773,1.16499797512576,0.0131295774035831,0.000415193693108024,1.20233668881462,1.20233668881462,0.00432898554233913,0.00447233039272144,1.20233668881462,1.20233668881462,2.35648238480826,2.36361386461254,2.34946612049829
"exomeMinusPreyASD102",17,0.00525783481287859,0.00476570820822644,1.06806117793875,1.34914004635521,1000,1000,0.00246313143200631,7.78910550149209e-05,1.20023283974917,1.20031940454505,1.15738078389537,0.0129803380492453,0.000410474330345622,1.19990893021471,1.19990893021471,0.00468781715321152,0.00484359926324136,1.19990893021471,1.19990893021471,2.32187255188392,2.3290293361751,2.31483179553772
"exomeMinusPreyASD102",18,0.005264620279937,0.00472412445593106,1.06825519432203,1.34967001113459,1000,1000,0.00247802823074582,7.83621331535409e-05,1.20024637355775,1.20061110527,1.1619209951754,0.0130314792927337,0.000412091558463585,1.20019901371154,1.20019901371154,0.00464576232277752,0.0048024865890846,1.20019901371154,1.20019901371154,2.32567866952336,2.33294301247521,2.31853383922935
"exomeMinusPreyASD102",19,0.00564140254498674,0.00502213472403552,1.06667036899168,1.34744409548741,1000,1000,0.00275477670921384,8.71136884629909e-05,1.19841297994716,1.1987845591389,1.15601818133202,0.0134083754163217,0.00042401006038185,1.19836054907852,1.19836054907852,0.00493502103557253,0.00510924841249851,1.19836054907852,1.19836054907852,2.29911164106149,2.30671099180618,2.29164298133523
"exomeMinusPreyASD102",20,0.00572764506189575,0.00520852950365342,1.06569281367758,1.34659240015023,1000,1000,0.00273579223744428,8.65133467533211e-05,1.19791465936107,1.19784819515725,1.15675357021718,0.0132353540956338,0.000418538645810409,1.19742965651144,1.19742965651144,0.0051220161569001,0.00529504285040674,1.19742965651144,1.19742965651144,2.28328487143959,2.29055905592587,2.27613052099183
"exomeMinusPreyASD102",21,0.00607792725246807,0.00566274862090432,1.06369628486062,1.34380720223652,1000,1000,0.00283382728161708,8.96134870543337e-05,1.19622655090447,1.19543337143172,1.14893094865883,0.0134128022099016,0.000424150047886289,1.19500922138383,1.19500922138383,0.00557313513384998,0.00575236210795865,1.19500922138383,1.19500922138383,2.24697271702035,2.25390042631867,2.24015378317134
"exomeMinusPreyASD102",22,0.00627338976687008,0.00573517577612179,1.06329691592128,1.34363317978198,1000,1000,0.00283583745695101,8.9677054379849e-05,1.19521344031972,1.1951055794374,1.15954066057993,0.0131952835732027,0.000417271504631257,1.19468830793277,1.19468830793277,0.00564549872174194,0.00582485283050164,1.19468830793277,1.19468830793277,2.24145326696413,2.24829768659403,2.23471504295576
"exomeMinusPreyASD102",23,0.00660732701521431,0.00601418384943989,1.06210893683877,1.34212666832461,1000,1000,0.0030949077752621,9.78695771799275e-05,1.1937900488739,1.19387702088705,1.14831659732989,0.0133449120693407,0.000422003173137875,1.19345501771391,1.19345501771391,0.00591631427225997,0.00611205342661982,1.19345501771391,1.19345501771391,2.22082329995069,2.22794876451233,2.21381285816523
"exomeMinusPreyASD102",24,0.00669845831930426,0.00605203424546574,1.06191147863026,1.34169577058721,1000,1000,0.00323547154360126,0.000102314593824408,1.1935084373429,1.19357594153093,1.14709392912005,0.0135111496042736,0.000427260065567872,1.19314868146536,1.19314868146536,0.00594971965164133,0.00615434883929015,1.19314868146536,1.19314868146536,2.21809862318442,2.22550349756786,2.21081789081767
"exomeMinusPreyASD102",25,0.00703026451506162,0.00645769076111814,1.06024035404631,1.33990135456528,1000,1000,0.00326464649453226,0.000103237186780064,1.19204205774194,1.19175617960556,1.15006288194676,0.0135606791215306,0.000428826326427279,1.19132735327913,1.19132735327913,0.00635445357433807,0.0065609279478982,1.19132735327913,1.19132735327913,2.18992275584341,2.19692178891055,2.18303473163792
"exomeMinusPreyASD102",26,0.00702227008677627,0.00641719805170357,1.06043312183416,1.34008777737713,1000,1000,0.00323314308183317,0.00010224096139809,1.19198334950304,1.19205052387251,1.14719383273454,0.0132293027590026,0.00041834728574398,1.19163217658677,1.19163217658677,0.00631495709030548,0.00651943901310166,1.19163217658677,1.19163217658677,2.19265455702567,2.19962959609944,2.18578977297915
"exomeMinusPreyASD102",27,0.00748622109829755,0.00684835400922916,1.05875230261262,1.33814225015596,1000,1000,0.0035095257910593,0.000110980950068516,1.19031165374138,1.1902243131639,1.14546347185974,0.013882050621577,0.000438988985579394,1.18978532417832,1.18978532417832,0.00673737305916065,0.00695933495929768,1.18978532417832,1.18978532417832,2.1644137979394,2.17150940439896,2.1574322600025
"exomeMinusPreyASD102",28,0.00755834407774251,0.00684835400922916,1.05875230261262,1.3379732844093,1000,1000,0.00345602640103696,0.000109289150809513,1.18990543174995,1.1902243131639,1.15016583663952,0.0134773841445729,0.000426192307978904,1.18979812085592,1.18979812085592,0.00673906485841965,0.00695764316003868,1.18979812085592,1.18979812085592,2.1644137979394,2.17140036385115,2.15753784888538
"exomeMinusPreyASD102",29,0.00767983132471222,0.00693431076677368,1.05836371732996,1.33760511659074,1000,1000,0.00363604024478294,0.000114981688375503,1.18949846218155,1.18964255278099,1.14831659732989,0.0135171613942209,0.000427450175058352,1.18921510260594,1.18921510260594,0.00681932907839817,0.00704929245514918,1.18921510260594,1.18921510260594,2.15899669898325,2.16625835142602,2.15185447141215
"exomeMinusPreyASD102",30,0.00816992667002215,0.0074801306791062,1.05638368064315,1.33532853541785,1000,1000,0.00369883722666172,0.000116967503304715,1.18755255736341,1.18750441378414,1.14770426749018,0.0133362633911689,0.000421729677920147,1.18708268410622,1.18708268410622,0.00736316317580148,0.00759709818241091,1.18708268410622,1.18708268410622,2.12609081487364,2.13293557497285,2.11935226087968
"exomeMinusPreyASD102",31,0.00851045834320909,0.00790459581802891,1.0549434986949,1.33338503909277,1000,1000,0.00384839949666376,0.00012169707755703,1.18631511613422,1.18596725471682,1.13573050849939,0.0133525724132936,0.000422245414483388,1.18554500930234,1.18554500930234,0.00778289874047187,0.00802629289558594,1.18554500930234,1.18554500930234,2.10212033173903,2.10885861990975,2.09548499603306
"exomeMinusPreyASD102",32,0.00846818871999563,0.00763051124408393,1.05586717368688,1.33459329342346,1000,1000,0.00389900083596379,0.000123297232405461,1.18649092442459,1.18704780433003,1.1432588074031,0.0132094217188505,0.000417718592052639,1.18663008573798,1.18663008573798,0.00750721401167847,0.00775380847648939,1.18663008573798,1.18663008573798,2.11744636334966,2.12452120332021,2.11048493051878
"exomeMinusPreyASD102",33,0.00892264494630254,0.00824877571820242,1.05384753767391,1.33217593784335,1000,1000,0.00395985925739355,0.000125221744670666,1.18486568968817,1.18475772867095,1.14473926338183,0.0132258626764444,0.000418238500781749,1.18433949017017,1.18433949017017,0.00812355397353175,0.00837399746287308,1.18433949017017,1.18433949017017,2.08361050457545,2.09025392969751,2.07706717502592
"exomeMinusPreyASD102",34,0.00887844115790954,0.00824877571820242,1.05384753767391,1.33217593784335,1000,1000,0.00387596670035696,0.000122568829080954,1.18491641008428,1.18475772867095,1.13943314212693,0.0128300853032573,0.000405722921325454,1.18435200574963,1.18435200574963,0.00812620688912146,0.00837134454728337,1.18435200574963,1.18435200574963,2.08361050457545,2.09011212495078,2.07720478303781
"exomeMinusPreyASD102",35,0.00934097776394061,0.0084643238382155,1.05315525767933,1.33110791715044,1000,1000,0.0041189811491894,0.000130253620707363,1.18343858510175,1.18385295345086,1.14422780231448,0.0130392131030365,0.000412336123019073,1.18344061732784,1.18344061732784,0.00833407021750814,0.00859457745892286,1.18344061732784,1.18344061732784,2.0724077292338,2.07914284477773,2.06577546996809
"exomeMinusPreyASD102",36,0.00971575302107939,0.00899232421689931,1.05147883428139,1.32935830866794,1000,1000,0.00450414258497095,0.000142433494746667,1.18254465926858,1.18219016128831,1.13450214432318,0.0138270323301226,0.000437249154439726,1.18175291213387,1.18175291213387,0.00884989072215265,0.00913475771164598,1.18175291213387,1.18175291213387,2.0461280430704,2.05306209190772,2.03930296729236
"exomeMinusPreyASD102",37,0.00971095684584347,0.00879148534226598,1.05207425762851,1.32996655821672,1000,1000,0.00436625585098653,0.000138073133361542,1.18247049142514,1.18279035395215,1.13806504881679,0.013583331359995,0.000429542653103766,1.18236081129905,1.18236081129905,0.00865341220890443,0.00892955847562752,1.18236081129905,1.18236081129905,2.055937743646,2.0628126079932,2.04917001438571
"exomeMinusPreyASD102",38,0.00995573694672601,0.00925307676748416,1.05069091110936,1.32821998009209,1000,1000,0.00433089608122765,0.00013695495926177,1.18158602978605,1.18113344803045,1.14534996137522,0.0132360014486636,0.000418559116910652,1.18071488891353,1.18071488891353,0.00911612180822239,0.00939003172674593,1.18071488891353,1.18071488891353,2.03371383472474,2.04018988047659,2.02733294035078
"exomeMinusPreyASD102",39,0.0103524067388576,0.00946343653147234,1.05009844916493,1.32762098892615,1000,1000,0.00439418140178241,0.000138956216815839,1.18026441596857,1.18053780040876,1.14065422704381,0.0128987809257513,0.000407895267649093,1.18012990514111,1.18012990514111,0.0093244803146565,0.00960239274828818,1.18012990514111,1.18012990514111,2.02395112621586,2.03037536356928,2.01762053488778
"exomeMinusPreyASD102",40,0.0104986801111114,0.00973578047416968,1.04927742704675,1.32657668456178,1000,1000,0.00428959460391103,0.000135648891871267,1.17970452477395,1.1796240280017,1.14352357628611,0.0125200601123317,0.000395919063971917,1.17922810893772,1.17922810893772,0.00960013158229841,0.00987142936604095,1.17922810893772,1.17922810893772,2.01162922729356,2.01772281434851,2.00561995768101
"exomeMinusPreyASD102",41,0.0105674899233634,0.00977328183389943,1.04927742704675,1.3265327237973,1000,1000,0.0046849871283842,0.000148152301342658,1.17994639098421,1.1796240280017,1.14117230886976,0.0137057949637845,0.000433415292288241,1.17919061270941,1.17919061270941,0.00962512953255677,0.00992143413524209,1.17919061270941,1.17919061270941,2.00995957722045,2.01659341715493,2.00342554639376
"exomeMinusPreyASD102",42,0.0109334590137808,0.0102270337376041,1.04801626969211,1.32500147540753,1000,1000,0.00459325565897398,0.000145251497578154,1.17862315443851,1.17840238694239,1.14030184996099,0.0129794333649331,0.000410445721715721,1.17799194122067,1.17799194122067,0.0100817822400259,0.0103722852351822,1.17799194122067,1.17799194122067,1.9902503113702,1.99646268727641,1.98412554875166
"exomeMinusPreyASD102",43,0.011097356198661,0.0102704494796098,1.04782379331295,1.32485766185998,1000,1000,0.00456424331749482,0.000144334046784867,1.17806934722652,1.17811616693219,1.13978947181389,0.0126082646393211,0.00039870833602416,1.17771745859617,1.17771745859617,0.0101261154328249,0.0104147835263947,1.17771745859617,1.17771745859617,1.98841054936838,1.99455712617363,1.98234975253038
"exomeMinusPreyASD102",44,0.0115446338142043,0.0108412982267614,1.04645667920854,1.32322768749059,1000,1000,0.00461386576457204,0.000145903246343219,1.17680010954175,1.17660983630132,1.14091035919246,0.0125776537779628,0.000397740335593841,1.17621209596573,1.17621209596573,0.0106953949804182,0.0109872014731047,1.17621209596573,1.17621209596573,1.96491870866852,1.97080317232213,1.95911291172201
"exomeMinusPreyASD102",45,0.0116393282550168,0.0108750758252165,1.04635889885062,1.32293240244892,1000,1000,0.00484240995448252,0.000153130448204371,1.17673150880606,1.17659124066103,1.14177967874994,0.0130411767503964,0.000412398219000857,1.17617884244203,1.17617884244203,0.0107219453770122,0.0110282062734209,1.17617884244203,1.17617884244203,1.9635677062944,1.96972640961982,1.95749511937342
"exomeMinusPreyASD102",46,0.0121560675836476,0.0109417634739538,1.04616117490182,1.32270688933581,1000,1000,0.00527688551450693,0.000166869771777914,1.17547885289853,1.17629539209299,1.13267235277126,0.0131550283896286,0.000415998523954034,1.17587939356904,1.17587939356904,0.0107748937021759,0.0111086332457317,1.17587939356904,1.17587939356904,1.96091267751934,1.96758700560214,1.95433937133372
"exomeMinusPreyASD102",47,0.0121400625565452,0.011339090937663,1.04518985148677,1.32152917028618,1000,1000,0.00493819048624458,0.000156159294563073,1.17534977225388,1.17510500766149,1.14117230886976,0.0128202400586685,0.000405411587355233,1.17469959607414,1.17469959607414,0.0111829316431,0.0114952502322261,1.17469959607414,1.17469959607414,1.94542176172018,1.95144432976621,1.93948157043279
"exomeMinusPreyASD102",48,0.0122511858773694,0.0115690035201767,1.04460244684815,1.32100008187616,1000,1000,0.00517072683911405,0.000163512739701634,1.17519688067918,1.1745135283133,1.13440298641262,0.0130534981164884,0.000412787854808214,1.17410074045849,1.17410074045849,0.0114054907804751,0.0117325162598783,1.17410074045849,1.17410074045849,1.93670404678082,1.94288602220967,1.93060883523432
"exomeMinusPreyASD102",49,0.0126969775693569,0.0117528952859378,1.044211512953,1.3202434485757,1000,1000,0.00507661889367475,0.000160536785166564,1.17384155712755,1.17418187581585,1.13996295375511,0.0123792910834702,0.000391467556419795,1.17379040825943,1.17379040825943,0.0115923585007712,0.0119134320711043,1.17379040825943,1.17379040825943,1.92985513323781,1.93582819650693,1.92396310712994
"exomeMinusPreyASD102",50,0.0131721885346737,0.012494380795158,1.04245853464891,1.31807323918877,1000,1000,0.00516064010639085,0.000163193769206087,1.17267237967094,1.17208722544201,1.13328062282709,0.0124486294042329,0.000393660226647208,1.17169356521536,1.17169356521536,0.0123311870259519,0.0126575745643641,1.17169356521536,1.17169356521536,1.9032852620593,1.90899511529336,1.89764950555309
"exomeMinusPreyASD102",51,0.0130217434334601,0.0123469363672595,1.0428453781066,1.31888764869654,1000,1000,0.00513655334163849,0.000162432078825266,1.17307418521474,1.1726917371095,1.1405667437406,0.0124524075536553,0.000393779702222361,1.17229795740728,1.17229795740728,0.0121845042884343,0.0125093684460848,1.17229795740728,1.17229795740728,1.9084407900845,1.91419213485651,1.90276461575054
"exomeMinusPreyASD102",52,0.0134911136999136,0.0125523143452954,1.04236527333454,1.31829754553717,1000,1000,0.00540824337173056,0.000171023671951773,1.17198505720065,1.17209974291903,1.13440298641262,0.0124711084044161,0.000394371075048233,1.17170537184399,1.17170537184399,0.0123812906733436,0.0127233380172472,1.17170537184399,1.17170537184399,1.90127619332824,1.90723408042947,1.89539893489127
"exomeMinusPreyASD102",53,0.0136636403930834,0.0127879332514874,1.04188075485499,1.31738112248726,1000,1000,0.00546733220887174,0.000172892225048341,1.1716277285207,1.17147501095335,1.13587588911052,0.0126017325008266,0.000398501771667819,1.17107650918169,1.17107650918169,0.012615041026439,0.0129608254765357,1.17107650918169,1.17107650918169,1.89319963925884,1.89911133273839,1.88736733731668
"exomeMinusPreyASD102",54,0.0140289755958635,0.0130445016978407,1.04130641697511,1.31678206145575,1000,1000,0.00547918507052412,0.000173267045444465,1.17075166707754,1.17087773468921,1.13648251907128,0.0125469394975083,0.000396769064764549,1.17048096562445,1.17048096562445,0.0128712346523962,0.0132177687432852,1.17048096562445,1.17048096562445,1.88457250636917,1.89037979210068,1.87884185077046
"exomeMinusPreyASD102",55,0.0141578834112044,0.0134832992944962,1.04028978098432,1.3156861616545,1000,1000,0.00533436839509944,0.000168687540069312,1.17039920717475,1.16997362207728,1.13614065993198,0.0124168332555579,0.000392654744140864,1.16958096733314,1.16958096733314,0.0133146117544268,0.0136519868345655,1.16958096733314,1.16958096733314,1.8702038251544,1.87567149279007,1.86480413920957
"exomeMinusPreyASD102",56,0.0142613232614636,0.0134055136887147,1.04047555241525,1.3156861616545,1000,1000,0.00550869997010164,0.000174200388520226,1.17021116390519,1.16997362207728,1.13734998244686,0.0124041443660106,0.000392253486221388,1.16958136859106,1.16958136859106,0.0132313133001944,0.0135797140772349,1.16958136859106,1.16958136859106,1.87271653954013,1.8783970469145,1.86710937408986
"exomeMinusPreyASD102",57,0.0146929351199685,0.0136137466157324,1.0400889609192,1.31554038805122,1000,1000,0.0053796391434795,0.000170119126831926,1.16907362686546,1.16968091534687,1.13734998244686,0.0118238266082933,0.000373902227411103,1.16930701311946,1.16930701311946,0.0134436274889005,0.0137838657425643,1.16930701311946,1.16930701311946,1.86602233691148,1.87148352995415,1.86062896564908
"exomeMinusPreyASD102",58,0.0153441795648715,0.01463624284884,1.03806129514473,1.3129721727692,1000,1000,0.00600708096123606,0.000189960579265396,1.16795720802268,1.16742864376792,1.13241899410959,0.0126818733168734,0.000401036046790343,1.16702760772113,1.16702760772113,0.0144462822695747,0.0148262034281054,1.16702760772113,1.16702760772113,1.83457039318405,1.84024390360275,1.82897004528418
"exomeMinusPreyASD102",59,0.0155743502633693,0.0149917023028834,1.03738165790145,1.31229390569734,1000,1000,0.00554490257602674,0.000175345215439795,1.16715333223902,1.16669450796635,1.13587588911052,0.0116583980843953,0.000368670918156331,1.16632583704819,1.16632583704819,0.0148163570874436,0.0151670475183231,1.16632583704819,1.16632583704819,1.82414905035562,1.82925856365097,1.81909895258808
"exomeMinusPreyASD102",60,0.0155053725195723,0.0144566727336843,1.03835698652917,1.31337325135288,1000,1000,0.00570870970202105,0.000180525251590877,1.16740485243603,1.16760240354895,1.13674447747204,0.0118949606677807,0.000376151683883044,1.16722625186507,1.16722625186507,0.0142761474820934,0.0146371979852751,1.16722625186507,1.16722625186507,1.83993165031093,1.84538897414251,1.83454205278596
"exomeMinusPreyASD102",61,0.0158904999282324,0.0149917023028834,1.03738165790145,1.31210737974775,1000,1000,0.00571198234202913,0.00018062874155475,1.16651990457961,1.16667220788297,1.12852273962419,0.0115829354796209,0.000366284581063768,1.1663059233019,1.1663059233019,0.0148110735613286,0.0151723310444381,1.1663059233019,1.1663059233019,1.82414905035562,1.8294134610694,1.81894769001326
"exomeMinusPreyASD102",62,0.0163638637558725,0.0153997635948683,1.03660413661216,1.31129969983277,1000,1000,0.00597036507208238,0.000188799520904957,1.16567308173466,1.16578857049053,1.13259448552779,0.0119251115731493,0.000377105139227855,1.16541146535131,1.16541146535131,0.0152109640739633,0.0155885631157732,1.16541146535131,1.16541146535131,1.81248594606174,1.81784325940303,1.80719391429481
"exomeMinusPreyASD102",63,0.016538598557091,0.0157247527150241,1.03598723700994,1.31068863541032,1000,1000,0.00594219740286657,0.000187908780993955,1.16530262304665,1.16519862031077,1.13085714639501,0.011850514488421,0.000374746172282355,1.16482387413849,1.16482387413849,0.0155368439340301,0.015912661496018,1.16482387413849,1.16482387413849,1.80341617547538,1.80863719668311,1.79825717570444
"exomeMinusPreyASD102",64,0.0169835528294809,0.0164885021578525,1.03465470291375,1.30903216193228,1000,1000,0.00586937022160905,0.000185605783310518,1.16432862904506,1.16370404446498,1.13319572953668,0.0115044694624891,0.000363803267733187,1.16334024119725,1.16334024119725,0.016302896374542,0.016674107941163,1.16334024119725,1.16334024119725,1.78281879457531,1.7877352319312,1.77795739139004
"exomeMinusPreyASD102",65,0.0171112008130348,0.0161500013023019,1.03524042269164,1.30961743776565,1000,1000,0.00586089233538857,0.000185337689008514,1.16401685922957,1.16429320812819,1.13112408314043,0.0111252733429657,0.000351812033557274,1.16394139609463,1.16394139609463,0.0159646636132934,0.0163353389913104,1.16394139609463,1.16394139609463,1.79182743831229,1.79684022791875,1.78687184860649
"exomeMinusPreyASD102",66,0.0173348086725377,0.0164092695741206,1.03476437324378,1.30903216193228,1000,1000,0.00615840133273827,0.000194745749568694,1.16375511036412,1.16370404446498,1.12938806926718,0.0116861896752585,0.000369549765425603,1.16333449469956,1.16333449469956,0.016214523824552,0.0166040153236893,1.16333449469956,1.16333449469956,1.7849107502686,1.79009580082425,1.77978687448705
"exomeMinusPreyASD102",67,0.0178922575018384,0.0171732969579562,1.03340282311935,1.30738761355069,1000,1000,0.00597633157133928,0.000188988198178052,1.16254266183831,1.16221075251388,1.13527093718305,0.0110784733520784,0.000350332087900483,1.16186042042598,1.16186042042598,0.0169843087597781,0.0173622851561342,1.16186042042598,1.16186042042598,1.76514632026167,1.76995212367902,1.76039311525477
"exomeMinusPreyASD102",68,0.0180232240191811,0.0172839639917484,1.03328742726904,1.30705435345139,1000,1000,0.00593258712294962,0.000187604877259062,1.16225681783663,1.16218414270037,1.13172492057501,0.0108543939101379,0.000343246073766969,1.1618408966266,1.1618408966266,0.0170963591144893,0.0174715688690075,1.1618408966266,1.1618408966266,1.76235664713987,1.76709636825373,1.75766809555738
"exomeMinusPreyASD102",69,0.0182961203458949,0.0175813502737588,1.03271891670114,1.30638562122337,1000,1000,0.00591087405159057,0.000186918249654138,1.16170278482155,1.16144750934383,1.13085714639501,0.0105625271576021,0.000334016436654069,1.16111349290718,1.16111349290718,0.0173944320241046,0.0177682685234129,1.16111349290718,1.16111349290718,1.75494777352146,1.7595897475904,1.75035489112351
"exomeMinusPreyASD102",70,0.0187258032156544,0.0183200859332036,1.0315372264963,1.30483349461897,1000,1000,0.00596450669718331,0.000188614262824275,1.16097326633363,1.16009617615293,1.13466763362803,0.0107705411513906,0.000340594416709668,1.15975558173622,1.15975558173622,0.0181314716703794,0.0185087001960279,1.15975558173622,1.15975558173622,1.73707249353779,1.74156694425607,1.7326240792219
"exomeMinusPreyASD102",71,0.0191035072622123,0.0183200859332036,1.0315372264963,1.30483349461897,1000,1000,0.00589453088628764,0.000186401433388799,1.16022725555508,1.16009617615293,1.1337985533116,0.010418166473969,0.000329451351005474,1.15976672480192,1.15976672480192,0.0181336844998148,0.0185064873665924,1.15976672480192,1.15976672480192,1.73707249353779,1.74151394464344,1.7326760049139
"exomeMinusPreyASD102",72,0.0195089414927778,0.0188336320035293,1.0307536229644,1.30412631069783,1000,1000,0.00576005153165876,0.000182148822799832,1.15943340082391,1.15922790892263,1.12852273962419,0.0100205098184902,0.000316876343425096,1.1589110325792,1.1589110325792,0.0186514831807295,0.0190157808263291,1.1589110325792,1.1589110325792,1.72506591965476,1.72928662704057,1.72088583687855
"exomeMinusPreyASD102",73,0.0196341756126117,0.0190831296812801,1.03035853594064,1.30365441789078,1000,1000,0.00599571871328971,0.000189601273436895,1.15930819545534,1.15891308455272,1.13172492057501,0.0103167428642648,0.000326244054853661,1.15858684049787,1.15858684049787,0.0188935284078432,0.019272730954717,1.15858684049787,1.15858684049787,1.71935039840302,1.72368692905748,1.71505674125898
"exomeMinusPreyASD102",74,0.0202806507434964,0.0195844565968379,1.02958033800181,1.3026009445677,1000,1000,0.00599176085243734,0.00018947611488734,1.15817361113722,1.15801318925075,1.12938806926718,0.010097812839262,0.000319320879581596,1.15769386837117,1.15769386837117,0.0193949804819505,0.0197739327117252,1.15769386837117,1.15769386837117,1.70808847416813,1.71231065311396,1.70390694802837
"exomeMinusPreyASD102",75,0.0201476467155474,0.0197823391682156,1.02928850918188,1.30248712100675,1000,1000,0.00610487327518238,0.000193053043762682,1.15845552883466,1.15773830173433,1.1261924980529,0.0102406917181309,0.000323839106449167,1.15741446262788,1.15741446262788,0.0195892861244529,0.0199753922119783,1.15741446262788,1.15741446262788,1.70372235643025,1.70798139033808,1.6995046846635
"exomeMinusPreyASD102",76,0.0209105072376002,0.02039095005225,1.02846818642393,1.30109026184728,1000,1000,0.00600561480145412,0.000189914215222149,1.15708817322253,1.15681374836293,1.12645303283956,0.00974107326458162,0.000308039783706499,1.15650570857922,1.15650570857922,0.0202010358370279,0.0205808642674722,1.15650570857922,1.15650570857922,1.69056253916362,1.69462636091122,1.68653639154089
"exomeMinusPreyASD102",77,0.0208012498756111,0.0199844940976345,1.02905617670695,1.30201176030957,1000,1000,0.00591734017023864,0.000187122726279626,1.15726169455511,1.1574233866967,1.1302551797106,0.00964910005000603,0.000305131335288637,1.15711825536141,1.15711825536141,0.0197973713713549,0.0201716168239141,1.15711825536141,1.15711825536141,1.69930684131864,1.7033924700769,1.69525929020754
"exomeMinusPreyASD102",78,0.0215892725227011,0.0210385990025807,1.02750333007408,1.29988912090765,1000,1000,0.00597181622769805,0.000188845410474805,1.15596300043892,1.15562664632685,1.12973261658016,0.00946876559895443,0.000299428659229444,1.15532721766762,1.15532721766762,0.0208497535921059,0.0212274444130555,1.15532721766762,1.15532721766762,1.67698318399105,1.68089907326677,1.67310228770469
"exomeMinusPreyASD102",79,0.0220591042048508,0.0218966154608895,1.02632638667324,1.29876707932901,1000,1000,0.00585117833378196,0.000185030505305799,1.15518890650827,1.15444760739733,1.12852273962419,0.00927000905188618,0.000293143425343383,1.15415446397199,1.15415446397199,0.0217115849555837,0.0220816459661953,1.15415446397199,1.15415446397199,1.65962300845911,1.66330847169349,1.65596855741958
"exomeMinusPreyASD102",80,0.0221843179530269,0.0215824945646255,1.02672957356762,1.29889166944226,1000,1000,0.00621605455736915,0.000196568904611563,1.15509933425515,1.154731161923,1.12240246592522,0.00962383770255579,0.000304332469718783,1.15442682945328,1.15442682945328,0.0213859256600139,0.0217790634692371,1.15442682945328,1.15442682945328,1.6658983597903,1.66987194716841,1.66196079946029
"exomeMinusPreyASD102",81,0.022638808817385,0.0218966154608895,1.02632638667324,1.29876707932901,1000,1000,0.0061012155214833,0.000192937375434592,1.15434963745232,1.15444760739733,1.12645303283956,0.00931130583774529,0.000294449344376973,1.15415315805295,1.15415315805295,0.0217036780854549,0.0220895528363241,1.15415315805295,1.15415315805295,1.65962300845911,1.66346666076634,1.65581307555829
"exomeMinusPreyASD102",82,0.0227077328357311,0.022335823780076,1.02573932063017,1.29818812769681,1000,1000,0.00571461564782584,0.000180712013995683,1.15411063957419,1.15386104115075,1.13052475695427,0.00862883344195638,0.000272867672268125,1.15358817347848,1.15358817347848,0.0221551117660803,0.0225165357940717,1.15358817347848,1.15358817347848,1.65099802543777,1.65452605473778,1.64749842559896
"exomeMinusPreyASD102",83,0.0235919841094289,0.0234953600708358,1.02419161938845,1.29608646101926,1000,1000,0.0057286245835257,0.000181155015439747,1.15276928915739,1.15206385353434,1.12938806926718,0.00841212013952511,0.000266014595918728,1.15179783893842,1.15179783893842,0.023314205055396,0.0236765150862755,1.15179783893842,1.15179783893842,1.62901789494497,1.63237938809886,1.62568222045327
"exomeMinusPreyASD102",84,0.0233008170004224,0.0231604598599403,1.02459772103919,1.2965581427233,1000,1000,0.00545806755257088,0.000172599250891848,1.15315539523157,1.15237545155506,1.13139661901163,0.00819187166445913,0.000259049727594855,1.15211640182747,1.15211640182747,0.0229878606090485,0.0233330591108322,1.15211640182747,1.15211640182747,1.63525282177311,1.63850144495163,1.63202831873479
"exomeMinusPreyASD102",85,0.0237559833216838,0.0234953600708358,1.02419161938845,1.29608646101926,1000,1000,0.00562982084171658,0.000178030566785107,1.15252091559153,1.15206385353434,1.13112408314043,0.00825929423659848,0.000261181816531528,1.15180267171781,1.15180267171781,0.0233173295040507,0.0236733906376209,1.15180267171781,1.15180267171781,1.62901789494497,1.63232119010797,1.6257395354908
"exomeMinusPreyASD102",86,0.0244857993114888,0.0242228181536646,1.02324016808333,1.29457925158646,1000,1000,0.00571246022393031,0.000180643853507353,1.15148586335,1.15086639224826,1.12731879438619,0.0082489524340539,0.000260854780020002,1.15060553746824,1.15060553746824,0.0240421743001573,0.024403462007172,1.15060553746824,1.15060553746824,1.6157753311605,1.61902625863852,1.61254855792535
"exomeMinusPreyASD102",87,0.0247478688883202,0.0245705391743911,1.0228336966257,1.29445217498259,1000,1000,0.00545541192326816,0.000172515272519671,1.15102916469822,1.15057943601347,1.12645303283956,0.00774014861298656,0.000244764990452307,1.15033467102302,1.15033467102302,0.0243980239018714,0.0247430544469107,1.15033467102302,1.15033467102302,1.60958531328412,1.61264534756565,1.60654668920336
"exomeMinusPreyASD102",88,0.0253745698147106,0.025191460666402,1.02206458023119,1.29339959844062,1000,1000,0.00528959723745689,0.000167271751752983,1.15010711676016,1.14968434906586,1.12965471472158,0.00731852414342116,0.000231432054041436,1.14945291701181,1.14945291701181,0.0250241889146491,0.025358732418155,1.14945291701181,1.14945291701181,1.59874665024833,1.60163998999653,1.59587245889595
"exomeMinusPreyASD102",89,0.0259214758717187,0.0256870211439534,1.02147813967123,1.29281507138073,1000,1000,0.00520806639441562,0.000164693520117342,1.14933360868622,1.14909612998884,1.12645303283956,0.00703433004816963,0.00022244504765578,1.14887368494118,1.14887368494118,0.0255223276238361,0.0258517146640707,1.14887368494118,1.14887368494118,1.59028625679843,1.59307972069966,1.58751064620842
"exomeMinusPreyASD102",90,0.026211802382823,0.0263316461414159,1.02071075987305,1.29176888635713,1000,1000,0.00525918577580405,0.000166310056895004,1.14895891172878,1.14820164011936,1.12965471472158,0.00705278722689957,0.000223028714895454,1.14797861140447,1.14797861140447,0.0261653360845209,0.0264979561983109,1.14797861140447,1.14797861140447,1.57952198981963,1.58227368252892,1.57678762213964
"exomeMinusPreyASD102",91,0.0268470459717354,0.0268459959744666,1.02012488271723,1.2911888348961,1000,1000,0.00475273595475542,0.000150294707344021,1.14799920715329,1.14761390801257,1.12731879438619,0.00618653365186297,0.000195635371611662,1.14741827264096,1.14741827264096,0.0266957012671226,0.0269962906818106,1.14741827264096,1.14741827264096,1.57112047927045,1.57355866621115,1.56869590425169
"exomeMinusPreyASD102",92,0.0270088995283427,0.0268459959744666,1.02012488271723,1.2911888348961,1000,1000,0.00454458288178563,0.000143712329218543,1.14776092489259,1.14761390801257,1.13052475695427,0.00589818972757306,0.000186517136109389,1.14742739087646,1.14742739087646,0.0267022836452481,0.0269897083036852,1.14742739087646,1.14742739087646,1.57112047927045,1.57345159511036,1.56880180913687
"exomeMinusPreyASD102",93,0.0274132252628379,0.027514991324974,1.01935919231605,1.290142991793,1000,1000,0.00445152344513507,0.000140769531442664,1.14723314034653,1.14672002238505,1.12965471472158,0.00579956948154974,0.000183398490100991,1.14653662389495,1.14653662389495,0.0273742217935313,0.0276557608564167,1.14653662389495,1.14653662389495,1.56043061977874,1.5626582182917,1.55821438886005
"exomeMinusPreyASD102",94,0.0276974424471086,0.027514991324974,1.01935919231605,1.290142991793,1000,1000,0.0040339590382104,0.000127564985485671,1.14681079569962,1.14672002238505,1.13052475695427,0.00523004546678223,0.000165388559412703,1.14655463382564,1.14655463382564,0.0273874263394883,0.0276425563104597,1.14655463382564,1.14655463382564,1.56043061977874,1.56244877749684,1.55842179703621
"exomeMinusPreyASD102",95,0.028323564449846,0.0287427095027048,1.01800970109825,1.28851873675999,1000,1000,0.00391322167801401,0.000123746934916703,1.14600634232819,1.14523946847921,1.13139661901163,0.00498162844942364,0.000157532923568716,1.14508193555564,1.14508193555564,0.0286189625677881,0.0288664564376215,1.14508193555564,1.14508193555564,1.54147229442697,1.54334611338725,1.53960652557691
"exomeMinusPreyASD102",96,0.0289064358632781,0.0288932562752701,1.01783358428273,1.28805889782675,1000,1000,0.00351965928684781,0.00011130139934203,1.14523697063672,1.14493804294404,1.13139661901163,0.00439885566910615,0.000139104030127194,1.14479893891391,1.14479893891391,0.0287819548759281,0.0290045576746121,1.14479893891391,1.14479893891391,1.53920351032994,1.54087971203264,1.53753375322482
"exomeMinusPreyASD102",97,0.0293888943992372,0.0294504735043538,1.01724749169149,1.28747584469722,1000,1000,0.00302936197326708,9.5796836926261e-05,1.1445983457686,1.14434813174598,1.13139661901163,0.00369191237285682,0.000116748520199844,1.14423138322578,1.14423138322578,0.0293546766674276,0.0295462703412801,1.14423138322578,1.14423138322578,1.53090771823936,1.53232269887771,1.52949733280066
"exomeMinusPreyASD102",98,0.029799210437931,0.0307498813906013,1.01590125754917,1.28595465126493,1000,1000,0.0025585652855098,8.09089384444997e-05,1.14407145257363,1.14286923548205,1.13139661901163,0.00310228532766457,9.8102875871418e-05,1.14277113260618,1.14277113260618,0.0306689724521568,0.0308307903290458,1.14277113260618,1.14277113260618,1.51215655505951,1.51330077458269,1.51101534224903
"exomeMinusPreyASD102",99,0.0303017486187781,0.0307498813906013,1.01590125754917,1.28595465126493,1000,1000,0.00183857356927817,5.8140801247044e-05,1.14343552036859,1.14286923548205,1.13461787297681,0.00219080125547833,6.92792186806795e-05,1.14279995626337,1.14279995626337,0.0306917405893542,0.0308080221918483,1.14279995626337,1.14279995626337,1.51215655505951,1.51297848117012,1.5113361815512
"exomeMinusPreyASD102",100,0.0307498813906013,0.0307498813906013,1.01590125754917,1.28595465126493,1000,1000,0,0,1.14286923548205,1.14286923548205,1.14286923548205,0,0,1.14286923548205,1.14286923548205,0.0307498813906013,0.0307498813906013,1.14286923548205,1.14286923548205,1.51215655505951,1.51215655505951,1.51215655505951
"prey",1,0.602541878768332,0.573298429319372,0.246150694645925,14.1423157562974,1000,747,0.335551827055036,0.0122771993282948,1.09131732069125,0.744235716526791,0,1.20123377693213,0.0439508455331921,0.700284870993599,0.700284870993599,0.561021229991077,0.585575628647667,0.700284870993599,0.700284870993599,0.24161924807159,0.251020703996028,0.232417006683424
"prey",2,0.419203421668971,0.363029764943872,0.387793640886578,13.2306242029231,1000,783,0.298171213141325,0.0106557698378869,1.94123681339938,1.73903700606556,0,1.46715089870954,0.0524316956335012,1.68660531043206,1.68660531043206,0.352373995105985,0.373685534781759,1.68660531043206,1.68660531043206,0.440057765539842,0.452996149632006,0.427493713191439
"prey",3,0.344931791827662,0.282329885653388,0.534028858287858,11.1191748103317,1000,873,0.273666774447307,0.009262216998652,2.1016935690807,1.79082458881321,0,1.38348714678525,0.0468239456333353,1.74400064317988,1.74400064317988,0.273067668654736,0.29159210265204,1.74400064317988,1.74400064317988,0.549243147756787,0.563729717495044,0.535224242429116
"prey",4,0.263571396062215,0.188304200068198,0.667374881795095,8.09242147052669,1000,930,0.234883942317154,0.00770214788911885,2.39196421070263,1.98841124193124,0,1.53655794646127,0.050385719973422,1.93802552195782,1.93802552195782,0.18060205217908,0.196006347957317,1.93802552195782,1.93802552195782,0.725139993068309,0.743277319111181,0.70772986314255
"prey",5,0.227739489374729,0.172512125304605,0.713295970211354,6.88681126495762,1000,961,0.211692606239104,0.00682879374964853,2.34555936255285,1.98841124193124,0,1.48197734363105,0.0478057207622921,1.94060552116895,1.94060552116895,0.165683331554957,0.179340919054254,1.94060552116895,1.94060552116895,0.763180374400481,0.78072118124771,0.746320608976717
"prey",6,0.205861430018469,0.137478617700373,0.760986607864551,5.67713112973739,1000,989,0.198760546623007,0.0063202176830429,2.31907143719259,1.94100830238666,0,1.39807050810603,0.044456055779682,1.89655224660698,1.89655224660698,0.13115840001733,0.143798835383416,1.89655224660698,1.89655224660698,0.861764843192642,0.882203889866983,0.842244631259147
"prey",7,0.166940232876248,0.111089762728181,0.837877787759982,5.29417195894267,1000,996,0.16813219299189,0.00532747239964111,2.31324710185481,1.98841124193124,0.318047651877431,1.2315407227928,0.0390228610771121,1.94938838085413,1.94938838085413,0.10576229032854,0.116417235127823,1.94938838085413,1.94938838085413,0.954325960820701,0.975669152920115,0.93398271928399
"prey",8,0.142571821089264,0.0873569579092852,0.886771642781299,4.90613921944767,1000,992,0.148709296297676,0.00472152487897845,2.24401547824809,1.94100830238666,0.594714632436106,1.11263085919736,0.0353260651055991,1.90568223728106,1.90568223728106,0.0826354330303067,0.0920784827882636,1.90568223728106,1.90568223728106,1.05870249810791,1.08283369275349,1.03584184535256
"prey",9,0.132770496238868,0.0820438933760086,0.899299428227248,4.60261170908199,1000,998,0.14511448004716,0.00459351860186163,2.1475129279728,1.94729581717291,0.660306871235749,0.957073927345833,0.0302956458045477,1.91700017136836,1.91700017136836,0.077450374774147,0.0866374119778703,1.91700017136836,1.91700017136836,1.08595373845974,1.11097647639477,1.0622945293804
"prey",10,0.133029881120014,0.0820438933760086,0.907663369964418,4.22034344629919,1000,999,0.141645202532345,0.00448145588478525,2.03454435893524,1.87370223823424,0.594714632436106,0.793011502489971,0.025089773610402,1.84861246462383,1.84861246462383,0.0775624374912234,0.0865253492607939,1.84861246462383,1.84861246462383,1.08595373845974,1.11034855116174,1.06285663899449
"prey",11,0.110761768703161,0.0657808987389315,0.951613765159285,4.12740227145031,1000,1000,0.127110287542857,0.00401958022674357,2.07590629832538,1.91238244223711,0.668439924793611,0.805300374646078,0.0254658338446852,1.88691660839243,1.88691660839243,0.061761318512188,0.0698004789656751,1.88691660839243,1.88691660839243,1.1819001972156,1.20928344103283,1.15614159727031
"prey",12,0.103602771749133,0.0600836951709749,0.965423617137534,3.78616463469165,1000,1000,0.12092319007501,0.00382392702570499,2.00910851139074,1.87145802982626,0.743192924371546,0.669696434604254,0.0211776607424345,1.85028036908382,1.85028036908382,0.0562597681452699,0.0639076221966799,1.85028036908382,1.85028036908382,1.22124336590044,1.24980206195819,1.19444734089413
"prey",13,0.0916749066100623,0.0579348709568278,0.975951806039241,3.8283208876578,1000,1000,0.103756598535322,0.00328107173643309,2.00158851860902,1.89009300213593,0.929851462291197,0.611437365477898,0.0193353472144297,1.8707576549215,1.8707576549215,0.0546537992203947,0.0612159426932609,1.8707576549215,1.8707576549215,1.23705995603848,1.26237964298961,1.21313545821337
"prey",14,0.0855592783570562,0.0476209023979413,1.00810702001423,3.61729383012268,1000,1000,0.0996383171064507,0.00315084024282502,1.9857189435653,1.86700399643478,0.87885382321375,0.690604892968667,0.0218388442503779,1.8451651521844,1.8451651521844,0.0444700621551163,0.0507717426407664,1.8451651521844,1.8451651521844,1.32220237913834,1.35193226354398,1.29437793003088
"prey",15,0.0867476079852428,0.0523567865941858,0.993610065470725,3.42402362490866,1000,1000,0.0997399137427456,0.00315405301055805,1.90743775198713,1.7956974643059,0.942245261989437,0.55329835557265,0.0174968302923529,1.77820063401355,1.77820063401355,0.0492027335836278,0.0555108396047439,1.77820063401355,1.77820063401355,1.28102701619383,1.30801076822235,1.25562220388865
"prey",16,0.0835188501181173,0.0476209023979413,1.00810702001423,3.29916000337705,1000,1000,0.0990083550898172,0.00313091909470547,1.87928902785435,1.8103301157021,0.967358688147001,0.496732297467352,0.0157080544736512,1.79462206122844,1.79462206122844,0.0444899833032359,0.0507518214926468,1.79462206122844,1.79462206122844,1.32220237913834,1.35173775723946,1.29454836622245
"prey",17,0.0691377448766922,0.0375391813145791,1.04108302834111,3.3505093387693,1000,1000,0.0857704648295137,0.00271230024832629,1.9147933469257,1.8214333911281,0.867437419578782,0.516400109967142,0.0163300053145759,1.80510338581353,1.80510338581353,0.0348268810662528,0.0402514815629054,1.80510338581353,1.80510338581353,1.42551520306357,1.45808541719743,1.39521812963766
"prey",18,0.0719039316380889,0.0424928691436024,1.02061985105579,3.23648804524307,1000,1000,0.0836528490103356,0.00264533535634823,1.86876753201499,1.8103301157021,1.00706418866247,0.474961455581114,0.0150196000042521,1.79531051569784,1.79531051569784,0.0398475337872542,0.0451382044999507,1.79531051569784,1.79531051569784,1.37168394410074,1.39959855245434,1.34545572020891
"prey",19,0.0651670222694739,0.0363850616447329,1.04699894574371,3.23499710064934,1000,1000,0.0825625329148613,0.00261085653403583,1.86453359162459,1.81164273064262,0.929490989204068,0.396829071604761,0.0125488370804109,1.79909389356221,1.79909389356221,0.0337742051106971,0.0389959181787687,1.79909389356221,1.79909389356221,1.43907688494633,1.47141486347841,1.40898084951738
"prey",20,0.0638764004145339,0.0365696566753976,1.04263303046537,3.16161274975843,1000,1000,0.0781089308336309,0.00247002127034828,1.83826988162555,1.7956974643059,0.849440777863041,0.377238096637624,0.011929316055616,1.78376814825028,1.78376814825028,0.0340996354050494,0.0390396779457459,1.78376814825028,1.78376814825028,1.43687911690232,1.46725026448028,1.40849377366319
"prey",21,0.0607204553768503,0.0331258540861367,1.05466291078125,3.09015116200644,1000,1000,0.0758891553108825,0.00239982580488652,1.82511378222327,1.7665535644813,0.976633289908895,0.38313592931289,0.01211582190074,1.75443774258056,1.75443774258056,0.0307260282812502,0.0355256798910233,1.75443774258056,1.75443774258056,1.47983291546678,1.51249357404281,1.4494576017863
"prey",22,0.0563804589813026,0.0331258540861367,1.05546045958305,3.0255622408066,1000,1000,0.0697259103473359,0.00220492688626284,1.81130849496963,1.76766893388423,0.992312960068959,0.338950119597884,0.0107185439111579,1.75695038997308,1.75695038997308,0.0309209271998739,0.0353307809723996,1.75695038997308,1.75695038997308,1.47983291546678,1.50974749173459,1.45184676255794
"prey",23,0.0522978212577214,0.0299203075380573,1.06860558158824,3.01362966017682,1000,1000,0.0662736245284532,0.00209575602304715,1.817422988805,1.76224801639171,0.87885382321375,0.351174944733535,0.0111051268254172,1.7511428895663,1.7511428895663,0.0278245515150102,0.0320160635611045,1.7511428895663,1.7511428895663,1.52403394685721,1.55557182703372,1.49463206650742
"prey",24,0.0529963192721796,0.0301378485545033,1.06132644350572,2.94410189124345,1000,1000,0.0620178402532789,0.00196117630764835,1.79568587583633,1.74702268558718,1.05847290561013,0.345306199120013,0.0109195407939487,1.73610314479323,1.73610314479323,0.028176672246855,0.0320990248621517,1.73610314479323,1.73610314479323,1.52088775382155,1.55011029973509,1.49350816084806
"prey",25,0.0489730544776439,0.0279704226987638,1.07476903120801,2.9358398198938,1000,1000,0.0614049925783934,0.00194179636253458,1.80496737719701,1.75244298637289,1.08040198489587,0.346675181968085,0.0109628318327248,1.74148015454016,1.74148015454016,0.0260286263362292,0.0299122190612984,1.74148015454016,1.74148015454016,1.5533009703695,1.58454875122759,1.52415136729872
"prey",26,0.0488531419376208,0.0291676851336256,1.06860558158824,2.8859412785899,1000,1000,0.0600452527684162,0.00189879761428726,1.77444769516533,1.73987369788705,0.979065895649392,0.304738044035329,0.00963666308856329,1.73023703479849,1.73023703479849,0.0272688875193383,0.0310664827479128,1.73023703479849,1.73023703479849,1.53509803689079,1.56433257947926,1.50770791345376
"prey",27,0.0468509002663666,0.0231261537644214,1.09183159773181,2.88361440899417,1000,1000,0.0612299151411736,0.00193625992784939,1.78500516611676,1.74776856231893,0.992312960068959,0.324339745891136,0.0102565233273623,1.73751203899157,1.73751203899157,0.021189893836572,0.0250624136922707,1.73751203899157,1.73751203899157,1.63589659108527,1.67387121914133,1.60097710561819
"prey",28,0.0452461626105587,0.0256451225194249,1.08098804670195,2.82670637304518,1000,1000,0.0556674197122105,0.0017603583775514,1.7605612313663,1.72861467422654,0.918575467411102,0.296912915337135,0.00938921079186089,1.71922546343467,1.71922546343467,0.0238847641418735,0.0274054808969763,1.71922546343467,1.71922546343467,1.59099522175389,1.6218790429462,1.56216257275358
"prey",29,0.0441791561405928,0.0279815915721305,1.06954542589498,2.78131919400319,1000,1000,0.0526399110412476,0.00166462014718988,1.75092285143203,1.70984366975414,1.08396593029496,0.282882943182871,0.00894554411669874,1.70089812563744,1.70089812563744,0.0263169714249406,0.0296462117193204,1.70089812563744,1.70089812563744,1.55312758679431,1.57976409108832,1.52803079418865
"prey",30,0.0390232825907247,0.0240372062795843,1.08636616523563,2.77176253980756,1000,1000,0.0479288622255954,0.00151564370293288,1.75394891574008,1.717478674857,1.1034946065944,0.271443505667376,0.00858379733969732,1.7088948775173,1.7088948775173,0.0225215625766514,0.0255528499825172,1.7088948775173,1.7088948775173,1.61911600954224,1.64740148083335,1.59256065472088
"prey",31,0.0370651827226712,0.0200138815278385,1.10674364920032,2.74781090910256,1000,1000,0.0484192893423151,0.00153115237008432,1.75548130973731,1.72565867583071,1.04260788276173,0.269319746180524,0.00851663816788891,1.71714203766282,1.71714203766282,0.0184827291577542,0.0215450338979229,1.71714203766282,1.71714203766282,1.69866867534956,1.73323390050547,1.66665281827697
"prey",32,0.0370989320658328,0.0225254228264494,1.09174915100353,2.72016797250551,1000,1000,0.0417495132768115,0.00132023553158164,1.7375152926002,1.70202729761642,1.18942648315425,0.260793389967309,0.00824701111013203,1.69378028650629,1.69378028650629,0.0212051872948678,0.023845658358031,1.69378028650629,1.69378028650629,1.64732704809717,1.67355788728028,1.62259068256906
"prey",33,0.0343180434439224,0.0192075276492424,1.10706128908019,2.7363374187191,1000,1000,0.0419738176006439,0.00132732865710498,1.74641823325497,1.72149223162898,1.16115614137594,0.255626540375307,0.00808362097974963,1.71340861064923,1.71340861064923,0.0178801989921374,0.0205348563063473,1.71340861064923,1.71340861064923,1.71652853297237,1.74762765216727,1.68750833179639
"prey",34,0.0347553139429628,0.0214012839512874,1.09639115660367,2.65578398491659,1000,1000,0.0405858879927278,0.00128343846917499,1.719071434085,1.68647979336701,1.08040198489587,0.243049424499174,0.0076858976541052,1.6787938957129,1.6787938957129,0.0201178454821124,0.0226847224204624,1.6787938957129,1.6787938957129,1.66956017075211,1.69641853183341,1.64426653057028
"prey",35,0.0312053545420406,0.0189620353591962,1.10706128908019,2.68343215527439,1000,1000,0.038099907491223,0.00120482486313976,1.73876112487558,1.70996982273901,1.11853078578698,0.245424800663268,0.00776101364388731,1.70220880909512,1.70220880909512,0.0177572104960564,0.0201668602223359,1.70220880909512,1.70220880909512,1.72211504791435,1.75062525710023,1.69536171181484
"prey",36,0.0319916044084035,0.0174851281294237,1.11178888962517,2.6732663170756,1000,1000,0.0394101485407051,0.00124625832314189,1.73196764757278,1.70426621539192,1.15848881592874,0.246299331749965,0.00778866874507314,1.69647754664684,1.69647754664684,0.0162388698062818,0.0187313864525655,1.69647754664684,1.69647754664684,1.75733118087274,1.78944420009334,1.72743007599294
"prey",37,0.0324103331725492,0.0180391099583428,1.1087475262289,2.62277006062502,1000,1000,0.0411212582473095,0.00130036836313481,1.71478449336439,1.6901688825233,1.11824004006259,0.239586529956888,0.00757639131359929,1.6825924912097,1.6825924912097,0.016738741595208,0.0193394783214776,1.6825924912097,1.6825924912097,1.74378489416193,1.7762771950166,1.71355524510096
"prey",38,0.030021794638137,0.0174668192715714,1.11161733241636,2.61489307485119,1000,1000,0.0359228601869682,0.00113598058258602,1.71104989515402,1.68589528737832,1.17340989766581,0.220153430561919,0.00696186275275386,1.67893342462557,1.67893342462557,0.0163308386889854,0.0186027998541574,1.67893342462557,1.67893342462557,1.75778617335549,1.78699151099846,1.73042168644334
"prey",39,0.0266148341142178,0.0163450697182837,1.11635962573497,2.61736038952704,1000,1000,0.0303329839280222,0.000959213174418311,1.72490851957608,1.69668356501876,1.22801626089048,0.21749107785011,0.00687767176771346,1.68980589325105,1.68980589325105,0.0153858565438654,0.017304282892702,1.68980589325105,1.68980589325105,1.78661322263936,1.81287832119621,1.76184639360739
"prey",40,0.0259794964636802,0.0158956610750415,1.12064656151917,2.59067084709282,1000,1000,0.0300583269636503,0.000950527758591883,1.71231476207449,1.68647979336701,1.2390884933849,0.209528772313535,0.00662588155849597,1.67985391180851,1.67985391180851,0.0149451333164497,0.0168461888336334,1.67985391180851,1.67985391180851,1.79872140576289,1.82550020653034,1.77349833548911
"prey",41,0.0295203034944298,0.0158956610750415,1.11635962573497,2.55369900242816,1000,1000,0.03698545151931,0.00116958267090755,1.69716966676073,1.67427468370496,1.15419384203977,0.220839350472033,0.00698355344483805,1.66729113026013,1.66729113026013,0.014726078404134,0.0170652437459491,1.66729113026013,1.66729113026013,1.79872140576289,1.83191289159583,1.76788750423476
"prey",42,0.0257192733552863,0.0142844364995126,1.12706623916875,2.57216509760421,1000,1000,0.0320998894296473,0.00101508763237249,1.70536411628754,1.69078205881028,1.20070424494544,0.206792890437,0.00653936537710571,1.68424269343317,1.68424269343317,0.0132693488671401,0.0152995241318851,1.68424269343317,1.68424269343317,1.84513688723638,1.8771503876364,1.81532207703275
"prey",43,0.0250421157179475,0.0162431963696752,1.11635962573497,2.52138885577906,1000,1000,0.0280541599312816,0.000887150432254827,1.69478703612397,1.66888452453307,1.21508275059728,0.212013285602228,0.00670444876718823,1.66218007576589,1.66218007576589,0.0153560459374204,0.0171303468019301,1.66218007576589,1.66218007576589,1.78932850532144,1.81372059736615,1.76623384470291
"prey",44,0.0227785940460919,0.014241912463656,1.12890267821667,2.54412040934956,1000,1000,0.0278079776618984,0.000879365465346825,1.70231226333054,1.68012155082627,1.18089807378596,0.194744519285267,0.00615836242776031,1.67396318839851,1.67396318839851,0.0133625469983091,0.0151212779290028,1.67396318839851,1.67396318839851,1.84643168790115,1.87411075429427,1.82041150420111
"prey",45,0.0236069049532482,0.0131235760973708,1.13697604444466,2.53111248531158,1000,1000,0.0273821789392542,0.000865900527463367,1.69628035476638,1.68022821029823,1.2624375733903,0.197773973591496,0.00625416218451118,1.67397404811372,1.67397404811372,0.0122576755699074,0.0139894766248342,1.67397404811372,1.67397404811372,1.88194780613923,1.91159187752328,1.8541985330563
"prey",46,0.0218850346770055,0.0133343113228886,1.13303488070066,2.51866767941434,1000,1000,0.0248697762242441,0.000786451377673137,1.69342825988968,1.67427468370496,1.2403978165623,0.18828350653794,0.00595404726503096,1.66832063643993,1.66832063643993,0.0125478599452155,0.0141207627005618,1.66832063643993,1.66832063643993,1.87502940939988,1.90143033738898,1.85014184523183
"prey",47,0.0219877703947564,0.0131235760973708,1.13318170111785,2.5064512517764,1000,1000,0.0271927095686591,0.000859908979884175,1.69042277580718,1.67427468370496,1.20979159040274,0.185662829848286,0.00587117419152877,1.66840350951344,1.66840350951344,0.0122636671174866,0.013983485077255,1.66840350951344,1.66840350951344,1.88194780613923,1.91137964639575,1.85438457671655
"prey",48,0.0226338280681556,0.0133194495430517,1.12929826285462,2.48185453087,1000,1000,0.0265191076358668,0.000838607816445022,1.67564293512263,1.66035550156466,1.16428073570016,0.184618628439235,0.00583815364364319,1.65451734792101,1.65451734792101,0.0124808417266067,0.0141580573594967,1.65451734792101,1.65451734792101,1.87551372301519,1.90375612419739,1.84899633251695
"prey",49,0.0196272140554787,0.0124837742049231,1.13332852153503,2.48185453087,1000,1000,0.0219554932979504,0.000694293659740851,1.68468954926318,1.66543736902466,1.23036992356524,0.174411975783252,0.00551539094685207,1.6599219780778,1.6599219780778,0.0117894805451822,0.0131780678646639,1.6599219780778,1.6599219780778,1.90365409505659,1.92850532987784,1.88014826024476
"prey",50,0.0187284479660102,0.010556312569341,1.15128263515738,2.49425882232265,1000,1000,0.0225432009840098,0.000712878608604201,1.69216232430619,1.68022821029823,1.25514140978744,0.177357959194788,0.00560855112214732,1.67461965917608,1.67461965917608,0.0098434339607368,0.0112691911779452,1.67461965917608,1.67461965917608,1.97648775892847,2.00685336802861,1.9481072533914
"prey",51,0.0194471787333991,0.0124481122743374,1.13697604444466,2.44816981903374,1000,1000,0.0218260885644004,0.000690201522760599,1.67658992290013,1.65771405841334,1.26196922534555,0.17449230202029,0.00551793108550115,1.65219612732784,1.65219612732784,0.0117579107515768,0.013138313797098,1.65219612732784,1.65219612732784,1.90489650326688,1.92966984064675,1.88146036960172
"prey",52,0.01804293379448,0.0109401646708595,1.14417157186607,2.46079924126164,1000,1000,0.0200759357814289,0.000634856832285876,1.68083705426469,1.66390394663457,1.23242449278155,0.171897096920688,0.00543586349440091,1.65846808314017,1.65846808314017,0.0103053078385736,0.0115750215031454,1.65846808314017,1.65846808314017,1.96097614097266,1.98693903051291,1.93647819351185
"prey",53,0.0183330990534874,0.0109519468345866,1.13938666951726,2.43451101002938,1000,1000,0.0214255818845164,0.000677536389495146,1.67307985954511,1.655013434432,1.21339053885663,0.168821167951771,0.0053385940797742,1.64967484035222,1.64967484035222,0.0102744104450914,0.0116294832240817,1.64967484035222,1.64967484035222,1.96050867311929,1.98824308894477,1.93443958345867
"prey",54,0.0173810113738849,0.0108168008680785,1.14475880124244,2.44108294214152,1000,1000,0.0207857934886173,0.00065730450397928,1.67840475736312,1.66131814340381,1.2403978165623,0.16684758491553,0.00527618390431427,1.6560419594995,1.6560419594995,0.0101594963640992,0.0114741053720577,1.6560419594995,1.6560419594995,1.96590116536407,1.9931278207641,1.94028116610661
"prey",55,0.0172536829472131,0.010138811820618,1.15171072796042,2.44816981903374,1000,1000,0.0209146266083081,0.000661378564942158,1.67535560750384,1.66312064369634,1.17440749600151,0.165699960025799,0.00523989281880376,1.65788075087753,1.65788075087753,0.00947743325567587,0.0108001903855602,1.65788075087753,1.65788075087753,1.99401293750608,2.02330926538675,1.96656858871032
"prey",56,0.0170316433829158,0.0102406988250517,1.14836835567255,2.41952904385637,1000,1000,0.0196931586895518,0.000622752357821204,1.66732319845635,1.655013434432,1.1806378943211,0.159820845669603,0.00505397889890205,1.6499594555331,1.6499594555331,0.00961794646723046,0.0108634511828729,1.6499594555331,1.6499594555331,1.98967040610352,2.01691764450604,1.96403218288964
"prey",57,0.0154583268436461,0.00958549810652522,1.14836835567255,2.42697200051483,1000,1000,0.0173290496959472,0.000547992667254414,1.67014534859075,1.65951564311129,1.29697340939024,0.155681190878931,0.00492307152024852,1.65459257159104,1.65459257159104,0.00903750543927081,0.0101334907737796,1.65459257159104,1.65459257159104,2.01838531426275,2.04395142831489,1.99424092357941
"prey",58,0.0150622372484049,0.00842578440510312,1.1586542150279,2.42697200051483,1000,1000,0.0177580296012989,0.000561558202967962,1.67750639815011,1.66697079141474,1.24860832933413,0.157319232018946,0.00497487092928358,1.66199592048545,1.66199592048545,0.00786422620213516,0.00898734260807108,1.66199592048545,1.66199592048545,2.07438965758419,2.10434400319649,2.04636870217732
"prey",59,0.0136887438680551,0.00839703494770017,1.15854037789967,2.41952904385637,1000,1000,0.0153932329521846,0.000486776766824612,1.67487274367496,1.66697079141474,1.27468745180005,0.147347272505621,0.00465952988131267,1.66231126153343,1.66231126153343,0.00791025818087555,0.00888381171452478,1.66231126153343,1.66231126153343,2.07587403931605,2.10180934144547,2.05140065455957
"prey",60,0.0142194898766774,0.00940433587542947,1.15188436398547,2.39278581721565,1000,1000,0.0152650490388227,0.000482723235568438,1.66501033570746,1.64998386802004,1.26777035577788,0.144887445723057,0.00458174332848883,1.64540212469155,1.64540212469155,0.00892161263986103,0.00988705911099791,1.64540212469155,1.64540212469155,2.02667186846237,2.04955663695888,2.00493286935317
"prey",61,0.0132823221828084,0.00890435985298019,1.15531152387839,2.39278581721565,1000,1000,0.014346926996598,0.000453689667334084,1.66767713028449,1.65200042391917,1.32820994005681,0.142230780753381,0.00449773220564724,1.64750269171352,1.64750269171352,0.00845067018564611,0.00935804952031428,1.64750269171352,1.64750269171352,2.05039729712285,2.07310884769097,2.02881466096663
"prey",62,0.0129698071150377,0.00838753503008715,1.15854037789967,2.39532350002914,1000,1000,0.014825111153177,0.000468811178092047,1.66988666245675,1.65613600948928,1.26196922534555,0.143677517184719,0.00454348202861696,1.65159252746066,1.65159252746066,0.00791872385199511,0.0088563462081792,1.65159252746066,1.65159252746066,2.07636565301171,2.10134480183127,2.05274541455899
"prey",63,0.0126974911268198,0.00820132281942302,1.16191652577678,2.39278581721565,1000,1000,0.0145073633473064,0.000458763110211325,1.66892467981982,1.65771405841334,1.26196922534555,0.139859983869537,0.00442276102542145,1.65329129738792,1.65329129738792,0.00774255970921169,0.00866008592963434,1.65329129738792,1.65329129738792,2.0861160931233,2.11111543675824,2.0624777986777
"prey",64,0.0118013443709723,0.00721959569384995,1.17125525653152,2.40672043611364,1000,1000,0.0133871893330289,0.000423340097602817,1.67323580973022,1.66697079141474,1.31354758119457,0.13878812743234,0.0043888659487589,1.66258192546598,1.66258192546598,0.00679625559624713,0.00764293579145276,1.66258192546598,1.66258192546598,2.1414871227692,2.16773029637857,2.11673978892149
"prey",65,0.0114575009846554,0.00785874420897516,1.16183175208476,2.36649653743507,1000,1000,0.012451977465402,0.000393766101637608,1.66508513861671,1.64733485997785,1.30046466535678,0.134564744200464,0.00425531084431399,1.64307954913353,1.64307954913353,0.00746497810733755,0.00825251031061276,1.64307954913353,1.64307954913353,2.10464684666861,2.12697146159956,2.08341392439366
"prey",66,0.0116848649056216,0.00741701878529342,1.16510227725046,2.3701408977465,1000,1000,0.013198250168816,0.000417365316621605,1.66600768018876,1.65296404517041,1.25513835357493,0.138241207384556,0.00437157081826885,1.64859247435214,1.64859247435214,0.00699965346867181,0.00783438410191502,1.64859247435214,1.64859247435214,2.12977062103689,2.15492346003844,2.10599513980208
"prey",67,0.0103895963779513,0.006882591422285,1.17125525653152,2.3831566230288,1000,1000,0.0106212115881796,0.000335872201292219,1.6700619011074,1.66312064369634,1.34816251838479,0.129573908651796,0.00409748676670273,1.65902315692963,1.65902315692963,0.00654671922099278,0.00721846362357722,1.65902315692963,1.65902315692963,2.16224801111077,2.18397628492012,2.14155522774963
"prey",68,0.0101903067374883,0.00685938738857207,1.17125525653152,2.36287100205712,1000,1000,0.0101281580770238,0.000320280480256263,1.6654701521717,1.65613600948928,1.34816251838479,0.125820808013798,0.00397880330366369,1.65215720618561,1.65215720618561,0.0065391069083158,0.00717966786882833,1.65215720618561,1.65215720618561,2.1637146693724,2.18448156226836,2.14389564573979
"prey",69,0.0097474387499429,0.00681565695229083,1.17125525653152,2.35199227717273,1000,1000,0.00925065963901633,0.000292531543182826,1.66238169997313,1.65051033534398,1.36410722597814,0.120944376858883,0.00382459701063832,1.64668573833335,1.64668573833335,0.006523125409108,0.00710818849547366,1.64668573833335,1.64668573833335,2.16649227673261,2.18554427195122,2.14824106406051
"prey",70,0.00949944706945683,0.00635099397737874,1.17719424267404,2.36649653743507,1000,1000,0.00970058323365914,0.000306759376504042,1.6667094948151,1.66312064369634,1.35248931323248,0.121038022697383,0.00382755835206886,1.65929308534427,1.65929308534427,0.00604423460087469,0.00665775335388278,1.65929308534427,1.65929308534427,2.19715829910039,2.21865868730323,2.17667229794953
"prey",71,0.00888039572609627,0.00602666621739626,1.18006947262074,2.36287100205712,1000,1000,0.00887037067172149,0.000280505750125977,1.66786102063133,1.66098103236978,1.33759918672961,0.116215736958884,0.00367506428745084,1.65730596808233,1.65730596808233,0.00574616046727028,0.00630717196752223,1.65730596808233,1.65730596808233,2.21992286095571,2.24062225006755,2.20016532763554
"prey",72,0.00831156682083873,0.0056391270782133,1.18288537935702,2.35942149838363,1000,1000,0.00818575500430247,0.000258856301817172,1.66898995089077,1.66390011909156,1.38813053438661,0.111907269884043,0.00353881859564743,1.66036130049591,1.66036130049591,0.00538027077639613,0.00589798338003047,1.66036130049591,1.66036130049591,2.2487881184379,2.26919586676197,2.22929645558402
"prey",73,0.00844866245391962,0.00563493927378426,1.18174303678218,2.350575540423,1000,1000,0.0086706678626291,0.000274190592807319,1.66624193231459,1.65613600948928,1.33759918672961,0.112456457263939,0.00355618542547433,1.6525798240638,1.6525798240638,0.00536074868097694,0.00590912986659158,1.6525798240638,1.6525798240638,2.24911075986677,2.27077455259998,2.22847646530476
"prey",74,0.0077845007866737,0.00527659997499276,1.1856444244523,2.35641525615305,1000,1000,0.00815423299347154,0.00025785948831063,1.67134891505621,1.66390011909156,1.34363682353471,0.11067494518883,0.00349984906710997,1.66040027002445,1.66040027002445,0.00501874048668213,0.00553445946330339,1.66040027002445,1.66040027002445,2.2776458289304,2.29940526060721,2.2569247891607
"prey",75,0.00811855253087598,0.00558351500626977,1.18288537935702,2.33647090842643,1000,1000,0.00791320968448311,0.00025023766205469,1.66205810988,1.65296404517041,1.37922861557973,0.109649217946745,0.00346741272367926,1.64949663244673,1.64949663244673,0.00533327734421508,0.00583375266832446,1.64949663244673,1.64949663244673,2.25309231231333,2.27300583129363,2.23405198746298
"prey",76,0.00712734424803808,0.00504102926863432,1.1891136925613,2.34519620030582,1000,1000,0.00675808634880194,0.000213709454863052,1.67030853279254,1.66098103236978,1.37199086676132,0.104151670547665,0.00329356501042098,1.65768746735936,1.65768746735936,0.00482731981377127,0.00525473872349737,1.65768746735936,1.65768746735936,2.29748078100472,2.31629392787385,2.27944887312086
"prey",77,0.00736365941052415,0.00558351500626977,1.18288537935702,2.33256447046862,1000,1000,0.00659655818851487,0.000208601485935414,1.66143954240135,1.64998386802004,1.4008706410664,0.103137694876245,0.00326150028428411,1.64672236773575,1.64672236773575,0.00537491352033436,0.00579211649220519,1.64672236773575,1.64672236773575,2.25309231231333,2.26962851893677,2.2371627121056
"prey",78,0.0066089151173388,0.00490613255774642,1.18987844729338,2.33738084234044,1000,1000,0.00617591225053657,0.00019529949341032,1.67152941324677,1.66098103236978,1.38459910243122,0.102412335662979,0.00323856241192703,1.65774246995785,1.65774246995785,0.0047108330643361,0.00510143205115674,1.65774246995785,1.65774246995785,2.30926072186138,2.32690228538652,2.29230789358559
"prey",79,0.0063217100379516,0.00459805530258985,1.19757303705082,2.34519620030582,1000,1000,0.00634662666494695,0.000200697957199907,1.6719678501647,1.66699390211594,1.37160659817445,0.0976680207243523,0.00308853400049481,1.66390536811544,1.66390536811544,0.00439735734538995,0.00479875325978976,1.66390536811544,1.66390536811544,2.33742580960759,2.35680824058338,2.3188715798585
"prey",80,0.00641861371092435,0.00459805530258985,1.19505435866752,2.3425946917939,1000,1000,0.00609178017949421,0.000192639003722711,1.67047208552146,1.66390011909156,1.40375689855006,0.101574303931516,0.00321206152169787,1.66068805756986,1.66068805756986,0.00440541629886714,0.00479069430631256,1.66068805756986,1.66068805756986,2.33742580960759,2.35601304576313,2.31960154054182
"prey",81,0.00607666859378873,0.00452914049769895,1.19505435866752,2.33161440862401,1000,1000,0.00635545913028151,0.000200977264278024,1.66952129055285,1.66098103236978,1.3048450384125,0.0952426802275147,0.0030118379997803,1.65796919437,1.65796919437,0.00432816323342093,0.00473011776197698,1.65796919437,1.65796919437,2.34398420693264,2.36369636850289,2.32512804684356
"prey",82,0.00574981540441149,0.00433064615871502,1.19505435866752,2.32130628466227,1000,1000,0.00465376867531482,0.000147165087175395,1.66740632660643,1.65822453935798,1.45569725933507,0.0893402757662911,0.00282518758209025,1.65539935177589,1.65539935177589,0.00418348107153962,0.00447781124589041,1.65539935177589,1.65539935177589,2.36344729943694,2.37846219167038,2.34893421727685
"prey",83,0.0051846751244082,0.00398684936493776,1.20316583581854,2.33556097451242,1000,1000,0.00425771404050486,0.000134640739936738,1.67453785700466,1.67027572571963,1.43522227057144,0.0870464591871276,0.00275265073284212,1.66752307498679,1.66752307498679,0.00385220862500102,0.00412149010487449,1.66752307498679,1.66752307498679,2.3993701729687,2.41429020071852,2.38494573849978
"prey",84,0.00537302281100095,0.00403732172797191,1.20004764279859,2.3198359935032,1000,1000,0.00433961876669206,0.000137230794795578,1.66630937785038,1.66098103236978,1.43950894211903,0.0824212808543973,0.00260638975168324,1.65837464261809,1.65837464261809,0.00390009093317634,0.00417455252276749,1.65837464261809,1.65837464261809,2.39390664094998,2.40892526699496,2.37939007043382
"prey",85,0.00518225090244614,0.00403732172797191,1.20246644497664,2.3198359935032,1000,1000,0.00418884878134999,0.000132463029230866,1.66785700213029,1.66390011909156,1.43740241481167,0.082638053596325,0.00261324470767456,1.66128687438389,1.66128687438389,0.00390485869874105,0.00416978475720278,1.66128687438389,1.66128687438389,2.39390664094998,2.40839467688715,2.37988636257342
"prey",86,0.00486070717619255,0.00360234942341878,1.20548330658005,2.33161440862401,1000,1000,0.0042735412625152,0.000135141240642596,1.67262176689273,1.67027572571963,1.39475726381797,0.0823445528478564,0.00260396339907331,1.66767176232056,1.66767176232056,0.00346720818277618,0.00373749066406137,1.66767176232056,1.66767176232056,2.44341416344806,2.46002008106742,2.4274198834974
"prey",87,0.00456972332298871,0.00354342625331525,1.20485483548021,2.32956092598486,1000,1000,0.00361968374767744,0.000114464450521549,1.67421228617204,1.67027572571963,1.45569725933507,0.0788706309094225,0.00249410834168253,1.66778161737795,1.66778161737795,0.0034289618027937,0.0036578907038368,1.66778161737795,1.66778161737795,2.45057660145517,2.46483735271775,2.43676927519358
"prey",88,0.00421686902462527,0.00354342625331525,1.20776732486311,2.32130628466227,1000,1000,0.00306643333257313,9.69691362399167e-05,1.67572144004789,1.67091267080944,1.47264994792184,0.0730220822844859,0.00230916099507207,1.66860350981437,1.66860350981437,0.00344645711707533,0.00364039538955517,1.66860350981437,1.66860350981437,2.45057660145517,2.4626271208934,2.43885144432443
"prey",89,0.00396219347904047,0.00328865183601123,1.21442504477885,2.3198359935032,1000,1000,0.00276510541487554,8.74403108147153e-05,1.67755047127093,1.67375356969315,1.47264994792184,0.0713473327591872,0.00225620076496977,1.67149736892818,1.67149736892818,0.00320121152519651,0.00337609214682595,1.67149736892818,1.67149736892818,2.48298210210348,2.49468562820185,2.47158570828101
"prey",90,0.00387207734181106,0.00315621019776186,1.21667215948171,2.3198359935032,1000,1000,0.00267173904906007,8.44878070864218e-05,1.67765218272806,1.67375356969315,1.47533668397643,0.0699518393631795,0.0022120713890587,1.67154149830409,1.67154149830409,0.00307172239067544,0.00324069800484829,1.67154149830409,1.67154149830409,2.50083408129018,2.51261803657205,2.48936143824851
"prey",91,0.00347018219574603,0.00308331351741198,1.21667215948171,2.3198359935032,1000,1000,0.00206678186096825,6.53573810738114e-05,1.68183171664282,1.67375356969315,1.51015678989158,0.0629797901147425,0.00199159583321944,1.67176197385993,1.67176197385993,0.00301795613633817,0.00314867089848579,1.67176197385993,1.67176197385993,2.51098231310699,2.52028707664947,2.50187272978606
"prey",92,0.00343067633771223,0.00289039336736734,1.2187992236143,2.31858198522112,1000,1000,0.00196545917673674,6.21532764656753e-05,1.67827058770896,1.67375356969315,1.52907043513346,0.058172212419898,0.00183956687778013,1.67191400281537,1.67191400281537,0.00282824009090167,0.00295254664383302,1.67191400281537,1.67191400281537,2.5390430480215,2.54848372580588,2.52980323274941
"prey",93,0.00330322286786348,0.00289039336736734,1.2187992236143,2.3198359935032,1000,1000,0.00193789165182835,6.12815147840358e-05,1.68003087440122,1.67375356969315,1.5117838950066,0.0558179545093035,0.00176511870581065,1.67198845098734,1.67198845098734,0.00282911185258331,0.00295167488215138,1.67198845098734,1.67198845098734,2.5390430480215,2.5483498818115,2.52993148040711
"prey",94,0.00318174969064412,0.00270917986141044,1.2208970034225,2.3198359935032,1000,1000,0.00174656698813718,5.52312976857378e-05,1.67806253912741,1.67375356969315,1.47662814281477,0.0495470396172155,0.00156681496508998,1.67218675472806,1.67218675472806,0.0026539485637247,0.00276441115909618,1.67218675472806,1.67218675472806,2.56716216136585,2.57610749846744,2.55839736258336
"prey",95,0.00297513508158862,0.00270917986141044,1.2208970034225,2.32956092598486,1000,1000,0.00156294073439176,4.94245256853423e-05,1.68205562897934,1.67675366862735,1.52938976616679,0.0481575116356454,0.001522874232147,1.6752307943952,1.6752307943952,0.0026597553357251,0.00275860438709578,1.6752307943952,1.6752307943952,2.56716216136585,2.57515831120032,2.55931057745505
"prey",96,0.00276370264362781,0.00235055374677355,1.23267875557524,2.32956092598486,1000,1000,0.00129903856858934,4.10792064514719e-05,1.68468650767833,1.6886879873326,1.5117838950066,0.0436712053939973,0.00138100477210063,1.6873069825605,1.6873069825605,0.00230947454032208,0.00239163295322503,1.6873069825605,1.6873069825605,2.62882981396719,2.63648682105917,2.6213054712641
"prey",97,0.0025892848855466,0.00235055374677355,1.23267875557524,2.32956092598486,1000,1000,0.000978913247430826,3.09559549359338e-05,1.68598570273113,1.6886879873326,1.52938976616679,0.0362348677103738,0.00114584712679672,1.6875421402058,1.6875421402058,0.00231959779183762,0.00238150970170949,1.6875421402058,1.6875421402058,2.62882981396719,2.63458731335424,2.62314764493538
"prey",98,0.00246906682555578,0.00220472932394165,1.23452579555439,2.32956092598486,1000,1000,0.000794900212264226,2.51369518330626e-05,1.6867265574831,1.6886879873326,1.56465765205999,0.0299995987729246,0.000948670610136342,1.68773931672246,1.68773931672246,0.00217959237210859,0.00222986627577471,1.68773931672246,1.68773931672246,2.65664472154048,2.66162472066009,2.65172118064444
"prey",99,0.00232992445155563,0.00220472932394165,1.23452579555439,2.32956092598486,1000,1000,0.000527000529851504,1.66652200244631e-05,1.68770135491513,1.6886879873326,1.60000060078155,0.0215123139442259,0.000680279098043543,1.68800770823456,1.68800770823456,0.00218806410391719,0.00222139454396611,1.68800770823456,1.68800770823456,2.65664472154048,2.65993995858647,2.65337429915086
"prey",100,0.00220472932394165,0.00220472932394165,1.23452579555439,2.32956092598486,1000,1000,0,0,1.6886879873326,1.6886879873326,1.6886879873326,0,0,1.6886879873326,1.6886879873326,0.00220472932394165,0.00220472932394165,1.6886879873326,1.6886879873326,2.65664472154048,2.65664472154048,2.65664472154048
